$Basis = GFN1-xTB-cc-pv5z
$ ----------------------------------------------------------------------------
$ GFN1-xTB-M secondary (dual) basis derived from the Dunning cc-pv5z set.
$ Numerical exponents/coefficients are from the Basis Set Exchange
$ (https://www.basissetexchange.org), redistributed under CC-BY-4.0 with
$ attribution to T. H. Dunning Jr. et al. (cc-pVnZ) and ccRepo/Grant Hill.
$ Per (element, angular momentum) the GFN1-valence contraction is selected by
$ radial-node matching to the GFN1 primary shell, then sign-matched to the GFN1
$ phase (the overall sign is physically irrelevant for the quadratic M1 kinetic-
$ energy correction and multipole moments). Regenerated by
$ scripts/gen_secondary_basis.py validate-full -> generate; NOT copied from any SI.
$ Z=1..36 use the all-electron set and reproduce the published GFN1-xTB-cc-pVDZ
$ secondary basis exactly. Z>=37 use the pseudopotential (-PP) basis with the GFN1
$ shell structure from param_gfn1-xtb.txt (ao= line); these heavy-element bases are
$ best-effort (correct #shells per l, lowest-node PP valence) and structure-
$ validated only (no published reference exists for Z>=37).
$ ----------------------------------------------------------------------------
a 1
$ Z=1
$ S-TYPE FUNCTIONS
     7   2  0
       10.25628607        0.00000000       -0.05994475
        7.61199721        0.05675242       -0.05576548
        1.39290171        0.26014136       -0.25561740
        0.62279653        0.00000000        0.59603854
        0.38696335        0.53284611       -0.52357973
        0.23910077        0.00000000        0.45817863
        0.12842966        0.29162544       -0.28655397
a 2
$ Z=2
$ S-TYPE FUNCTIONS
     8   1  0
     1145.00000000        0.00035900
      171.70000000        0.00277100
       39.07000000        0.01425100
       11.04000000        0.05556600
        3.56600000        0.16209100
        1.24000000        0.33219700
        0.44730000        0.41961500
        0.16400000        0.18612800
a 3
$ Z=3
$ S-TYPE FUNCTIONS
    14   1  0
    29493.00000000       -0.00000300
     4417.10100000       -0.00002200
     1005.22300000       -0.00011500
      284.70090000       -0.00048700
       92.86543000       -0.00174600
       33.51179000       -0.00552000
       13.04180000       -0.01492800
        5.35753600       -0.03420600
        2.27933800       -0.06215500
        0.99399000       -0.09590200
        0.43347100       -0.10397200
        0.09556600        0.30715100
        0.04465700        0.57902800
        0.02063300        0.22323100
$ P-TYPE FUNCTIONS
     8   1  0
       19.66350000        0.00054000
        4.62311000        0.00386500
        1.41378000        0.01517100
        0.47372100        0.04920400
        0.17615100        0.15466100
        0.07267500        0.36009500
        0.03214100        0.44185200
        0.01455600        0.15600000
a 4
$ Z=4
$ S-TYPE FUNCTIONS
    14   1  0
    54620.00000000       -0.00000300
     8180.00000000       -0.00002500
     1862.00000000       -0.00013100
      527.30000000       -0.00055800
      172.00000000       -0.00198800
       62.10000000       -0.00637000
       24.21000000       -0.01721700
        9.99300000       -0.04085800
        4.30500000       -0.07423700
        1.92100000       -0.11923400
        0.86630000       -0.08777700
        0.24750000        0.27878800
        0.10090000        0.58349900
        0.04129000        0.26900700
$ P-TYPE FUNCTIONS
     8   1  0
       43.75000000        0.00063300
       10.33000000        0.00480800
        3.22600000        0.02052700
        1.12700000        0.06781600
        0.43340000        0.19286800
        0.18080000        0.37869200
        0.07827000        0.40057400
        0.03372000        0.13806700
a 5
$ Z=5
$ S-TYPE FUNCTIONS
    14   1  0
    68260.00000000       -0.00000500
    10230.00000000       -0.00003700
     2328.00000000       -0.00019600
      660.40000000       -0.00082400
      216.20000000       -0.00292300
       78.60000000       -0.00913800
       30.98000000       -0.02410500
       12.96000000       -0.05475500
        5.65900000       -0.09694300
        2.55600000       -0.13748500
        1.17500000       -0.04456500
        0.42490000        0.32434500
        0.17120000        0.57041400
        0.06913000        0.24344400
$ P-TYPE FUNCTIONS
     8   1  0
       66.44000000        0.00083800
       15.71000000        0.00640900
        4.93600000        0.02808100
        1.77000000        0.09215200
        0.70080000        0.22416400
        0.29010000        0.36991500
        0.12110000        0.37444100
        0.04973000        0.13908600
a 6
$ Z=6
$ S-TYPE FUNCTIONS
    14   1  0
    96770.00000000       -0.00000500
    14500.00000000       -0.00004100
     3300.00000000       -0.00021300
      935.80000000       -0.00089700
      306.20000000       -0.00318700
      111.30000000       -0.00996100
       43.90000000       -0.02637500
       18.40000000       -0.06000100
        8.05400000       -0.10682500
        3.63700000       -0.14416600
        1.65600000       -0.02464420
        0.63330000        0.34900900
        0.25450000        0.55873700
        0.10190000        0.22810200
$ P-TYPE FUNCTIONS
     8   1  0
      101.80000000        0.00089100
       24.04000000        0.00697600
        7.57100000        0.03166900
        2.73200000        0.10400600
        1.08500000        0.24163300
        0.44960000        0.37194600
        0.18760000        0.35420000
        0.07606000        0.13156800
a 7
$ Z=7
$ S-TYPE FUNCTIONS
    14   1  0
   129200.00000000       -0.00000600
    19350.00000000       -0.00004300
     4404.00000000       -0.00022700
     1248.00000000       -0.00095800
      408.00000000       -0.00341600
      148.20000000       -0.01066700
       58.50000000       -0.02827900
       24.59000000       -0.06402000
       10.81000000       -0.11393200
        4.88200000       -0.14699500
        2.19500000       -0.00725100
        0.87150000        0.36618300
        0.35040000        0.54790800
        0.13970000        0.21664500
$ P-TYPE FUNCTIONS
     8   1  0
      147.00000000        0.00089200
       34.76000000        0.00708200
       11.00000000        0.03281600
        3.99500000        0.10820900
        1.58700000        0.24809400
        0.65330000        0.37451300
        0.26860000        0.34841400
        0.10670000        0.12834000
a 8
$ Z=8
$ S-TYPE FUNCTIONS
    14   1  0
   164200.00000000       -0.00000600
    24590.00000000       -0.00004600
     5592.00000000       -0.00024400
     1582.00000000       -0.00103100
      516.10000000       -0.00368800
      187.20000000       -0.01151400
       73.93000000       -0.03043500
       31.22000000       -0.06814700
       13.81000000       -0.12036800
        6.25600000       -0.14826000
        2.77600000        0.00990500
        1.13800000        0.38428600
        0.46000000        0.53680500
        0.18290000        0.20268700
$ P-TYPE FUNCTIONS
     8   1  0
      195.50000000        0.00091800
       46.16000000        0.00738800
       14.58000000        0.03495800
        5.29600000        0.11543100
        2.09400000        0.25680300
        0.84710000        0.37393800
        0.33680000        0.34344700
        0.12850000        0.12970600
a 9
$ Z=9
$ S-TYPE FUNCTIONS
    14   1  0
   211400.00000000       -0.00000600
    31660.00000000       -0.00004700
     7202.00000000       -0.00024400
     2040.00000000       -0.00103100
      666.40000000       -0.00368300
      242.00000000       -0.01151300
       95.53000000       -0.03066300
       40.23000000       -0.06957200
       17.72000000       -0.12399200
        8.00500000       -0.15021400
        3.53800000        0.01646000
        1.45800000        0.39255000
        0.58870000        0.53216400
        0.23240000        0.19652400
$ P-TYPE FUNCTIONS
     8   1  0
      241.90000000        0.00100200
       57.17000000        0.00805400
       18.13000000        0.03804800
        6.62400000        0.12377900
        2.62200000        0.26606000
        1.05700000        0.37179600
        0.41760000        0.33289000
        0.15740000        0.12849100
a 10
$ Z=10
$ S-TYPE FUNCTIONS
    14   1  0
   262700.00000000       -0.00000600
    39350.00000000       -0.00004700
     8955.00000000       -0.00024700
     2538.00000000       -0.00103800
      829.90000000       -0.00371100
      301.50000000       -0.01159300
      119.00000000       -0.03108600
       50.00000000       -0.07097200
       21.98000000       -0.12726600
        9.89100000       -0.15123100
        4.32700000        0.02466600
        1.80400000        0.39961200
        0.72880000        0.52661600
        0.28670000        0.19085400
$ P-TYPE FUNCTIONS
     8   1  0
      299.10000000        0.00103800
       70.73000000        0.00837500
       22.48000000        0.03969300
        8.24600000        0.12805600
        3.26900000        0.27032500
        1.31500000        0.37096300
        0.51580000        0.32849900
        0.19180000        0.12758800
$ D-TYPE FUNCTIONS
     1   1  0
        2.20200000        1.00000000
a 11
$ Z=11
$ S-TYPE FUNCTIONS
    19   1  0
   327228.40000000        0.00000100
    74466.84000000        0.00000300
    21093.15000000        0.00001500
     6881.89800000        0.00005400
     2484.69600000        0.00017500
      969.22320000        0.00052000
      402.06430000        0.00143100
      175.35450000        0.00355400
       79.65199000        0.00795400
       37.38672000        0.01495500
       18.00194000        0.02247200
        8.72437100        0.01620500
        3.85771500       -0.02355000
        1.81568600       -0.08012000
        0.83825400       -0.11292100
        0.38193500       -0.13298900
        0.07167900        0.41751600
        0.03391600        0.54944300
        0.01652500        0.14811000
$ P-TYPE FUNCTIONS
    14   1  0
     1119.57800000       -0.00001600
      265.32390000       -0.00014000
       85.99553000       -0.00075400
       32.53759000       -0.00296800
       13.51565000       -0.00891900
        5.96685600       -0.02002900
        2.70004500       -0.03138000
        1.21851200       -0.03648900
        0.54218700       -0.02962500
        0.22741300       -0.01014600
        0.13304000        0.08212800
        0.05757700        0.33455300
        0.02597100        0.50814200
        0.01190100        0.19663600
a 12
$ Z=12
$ S-TYPE FUNCTIONS
    20   1  0
  2968000.00000000        0.00000010
   444300.00000000        0.00000075
   101100.00000000        0.00000393
    28640.00000000        0.00001658
     9343.00000000        0.00006063
     3373.00000000        0.00019732
     1316.00000000        0.00059088
      545.80000000        0.00161904
      238.10000000        0.00409756
      108.20000000        0.00922989
       50.80000000        0.01821680
       24.48000000        0.02828840
       11.93000000        0.02650590
        5.54300000       -0.01720530
        2.67500000       -0.08859170
        1.26300000       -0.16387100
        0.58830000       -0.15950600
        0.14960000        0.32171500
        0.06700000        0.59137300
        0.02952000        0.23686600
$ P-TYPE FUNCTIONS
    14   1  0
     1441.00000000       -0.00002410
      341.40000000       -0.00021081
      110.70000000       -0.00114530
       41.97000000       -0.00456417
       17.49000000       -0.01396030
        7.75300000       -0.03211050
        3.53400000       -0.05162170
        1.61400000       -0.06137130
        0.72990000       -0.04424650
        0.30290000        0.05231910
        0.15830000        0.22169200
        0.08190000        0.39525500
        0.04123000        0.36407800
        0.01988000        0.09779520
a 13
$ Z=13
$ S-TYPE FUNCTIONS
    20   1  0
  3269000.00000000        0.00000013
   489400.00000000        0.00000100
   111400.00000000        0.00000525
    31560.00000000        0.00002214
    10320.00000000        0.00008055
     3731.00000000        0.00026251
     1456.00000000        0.00078422
      604.10000000        0.00215039
      263.50000000        0.00541974
      119.80000000        0.01216860
       56.32000000        0.02368230
       27.19000000        0.03609370
       13.26000000        0.03032840
        6.05200000       -0.03090340
        2.98100000       -0.11912600
        1.47600000       -0.21114500
        0.73340000       -0.15794400
        0.24470000        0.33903800
        0.10880000        0.61309700
        0.04672000        0.23516800
$ P-TYPE FUNCTIONS
    12   1  0
     1461.00000000       -0.00003719
      346.20000000       -0.00032856
      112.20000000       -0.00174264
       42.51000000       -0.00694828
       17.72000000       -0.02028070
        7.85200000       -0.04486570
        3.57100000       -0.06432780
        1.63700000       -0.07526660
        0.73820000        0.00061601
        0.25770000        0.28781900
        0.09773000        0.54303000
        0.03690000        0.30186500
$ D-TYPE FUNCTIONS
     1   1  0
        0.18900000        1.00000000
a 14
$ Z=14
$ S-TYPE FUNCTIONS
    20   1  0
  3948000.00000000        0.00000014
   591100.00000000        0.00000108
   134500.00000000        0.00000569
    38120.00000000        0.00002395
    12460.00000000        0.00008724
     4504.00000000        0.00028416
     1758.00000000        0.00084984
      729.10000000        0.00233527
      318.00000000        0.00590466
      144.60000000        0.01334610
       67.97000000        0.02628890
       32.82000000        0.04074260
       16.03000000        0.03614760
        7.39600000       -0.03039230
        3.66100000       -0.13596100
        1.82300000       -0.25014400
        0.91470000       -0.15805000
        0.33930000        0.36965500
        0.15000000        0.61771800
        0.06438000        0.22251400
$ P-TYPE FUNCTIONS
    12   1  0
     1780.00000000       -0.00004272
      421.80000000       -0.00037704
      136.70000000       -0.00202240
       51.81000000       -0.00812833
       21.60000000       -0.02422720
        9.56300000       -0.05438250
        4.35000000       -0.07990510
        2.00600000       -0.08889580
        0.92050000        0.01839970
        0.35000000        0.33509600
        0.13810000        0.53228800
        0.05338000        0.25437400
$ D-TYPE FUNCTIONS
     1   1  0
        0.27500000        1.00000000
a 15
$ Z=15
$ S-TYPE FUNCTIONS
    20   1  0
  4666000.00000000        0.00000015
   698600.00000000        0.00000114
   159000.00000000        0.00000601
    45040.00000000        0.00002534
    14720.00000000        0.00009216
     5323.00000000        0.00030056
     2076.00000000        0.00089988
      861.10000000        0.00247354
      375.70000000        0.00626812
      170.80000000        0.01425980
       80.29000000        0.02827690
       38.77000000        0.04451240
       18.93000000        0.04072170
        8.79600000       -0.03019080
        4.35800000       -0.15289400
        2.17400000       -0.28241100
        1.09500000       -0.14852200
        0.44000000        0.39356300
        0.19450000        0.61732700
        0.08376000        0.21461200
$ P-TYPE FUNCTIONS
    12   1  0
     2010.00000000       -0.00005114
      476.30000000       -0.00044836
      154.40000000       -0.00242340
       58.51000000       -0.00969826
       24.40000000       -0.02909650
       10.80000000       -0.06417260
        4.91300000       -0.09450710
        2.26900000       -0.09347000
        1.04300000        0.05206110
        0.43130000        0.37462400
        0.17670000        0.50909700
        0.07009000        0.21511600
$ D-TYPE FUNCTIONS
     1   1  0
        0.37300000        1.00000000
a 16
$ Z=16
$ S-TYPE FUNCTIONS
    20   1  0
  5481000.00000000        0.00000015
   820600.00000000        0.00000118
   186700.00000000        0.00000622
    52880.00000000        0.00002624
    17250.00000000        0.00009590
     6226.00000000        0.00031268
     2429.00000000        0.00093632
     1007.00000000        0.00257790
      439.50000000        0.00654121
      199.80000000        0.01496300
       93.92000000        0.02989400
       45.34000000        0.04769460
       22.15000000        0.04495560
       10.34000000       -0.02930090
        5.11900000       -0.16891600
        2.55300000       -0.31101400
        1.28200000       -0.13649100
        0.54500000        0.42319500
        0.24110000        0.61388800
        0.10350000        0.20047300
$ P-TYPE FUNCTIONS
    12   1  0
     2200.00000000       -0.00006086
      521.40000000       -0.00053042
      169.00000000       -0.00287915
       64.05000000       -0.01143970
       26.72000000       -0.03427640
       11.83000000       -0.07358110
        5.37800000       -0.10778200
        2.48200000       -0.08797690
        1.11600000        0.10826100
        0.48480000        0.40708200
        0.20060000        0.46899400
        0.07951000        0.18487700
$ D-TYPE FUNCTIONS
     1   1  0
        0.47900000        1.00000000
a 17
$ Z=17
$ S-TYPE FUNCTIONS
    20   1  0
  6410000.00000000        0.00000015
   959600.00000000        0.00000120
   218300.00000000        0.00000630
    61810.00000000        0.00002664
    20140.00000000        0.00009742
     7264.00000000        0.00031836
     2832.00000000        0.00095238
     1175.00000000        0.00262430
      512.60000000        0.00668160
      233.00000000        0.01535950
      109.50000000        0.03094320
       52.86000000        0.05006380
       25.84000000        0.04897820
       12.17000000       -0.02608070
        6.03000000       -0.17842600
        3.01200000       -0.33232400
        1.51100000       -0.13200800
        0.66040000        0.44055600
        0.29260000        0.61189100
        0.12540000        0.19317200
$ P-TYPE FUNCTIONS
    12   1  0
     2548.00000000       -0.00006354
      603.70000000       -0.00055326
      195.60000000       -0.00302795
       74.15000000       -0.01206500
       30.94000000       -0.03663480
       13.69000000       -0.07907640
        6.22900000       -0.11742200
        2.87800000       -0.08609430
        1.28200000        0.14030800
        0.56410000        0.42233600
        0.23480000        0.44636300
        0.09312000        0.16663400
$ D-TYPE FUNCTIONS
     1   1  0
        0.60000000        1.00000000
a 18
$ Z=18
$ S-TYPE FUNCTIONS
    20   1  0
  7401000.00000000        0.00000016
  1108000.00000000        0.00000121
   252100.00000000        0.00000636
    71380.00000000        0.00002689
    23260.00000000        0.00009834
     8390.00000000        0.00032129
     3271.00000000        0.00096200
     1357.00000000        0.00265245
      592.00000000        0.00677035
      269.10000000        0.01561727
      126.50000000        0.03171666
       61.03000000        0.05199742
       29.86000000        0.05247514
       14.17000000       -0.02264147
        7.02200000       -0.18606230
        3.51100000       -0.35014550
        1.75800000       -0.12768280
        0.78410000        0.45334530
        0.34800000        0.60988240
        0.14910000        0.18809920
$ P-TYPE FUNCTIONS
    12   1  0
     2927.00000000       -0.00006491
      693.50000000       -0.00056531
      224.70000000       -0.00310988
       85.17000000       -0.01246964
       35.53000000       -0.03822465
       15.73000000       -0.08307918
        7.16500000       -0.12459410
        3.32200000       -0.08329713
        1.47800000        0.16398250
        0.65520000        0.43143120
        0.27510000        0.42904060
        0.10970000        0.15400100
$ D-TYPE FUNCTIONS
     1   1  0
        0.73800000        1.00000000
a 20
$ Z=20
$ S-TYPE FUNCTIONS
    26   1  0
 28249600.00000000       -0.00000001
  4250190.00000000       -0.00000008
   975014.00000000       -0.00000041
   277446.00000000       -0.00000173
    90454.70000000       -0.00000634
    32515.90000000       -0.00002094
    12610.60000000       -0.00006356
     5190.77000000       -0.00018056
     2242.33000000       -0.00048155
     1011.53000000       -0.00119721
      475.54700000       -0.00272889
      232.07200000       -0.00561187
      116.87400000       -0.01001305
       60.34270000       -0.01419051
       31.52440000       -0.01092170
       16.03080000        0.01086343
        8.45992000        0.05501493
        4.52718000        0.09688214
        2.41859000        0.03947968
        1.25129000       -0.10866980
        0.64343000       -0.22728320
        0.32918000       -0.25708490
        0.14239000       -0.00844813
        0.07819000        0.44836840
        0.03763000        0.57703980
        0.01829000        0.16258220
$ P-TYPE FUNCTIONS
    18   1  0
   406353.00000000       -0.00000007
    13600.70000000       -0.00000779
     3235.47000000       -0.00006908
     1053.05000000       -0.00040059
      403.56900000       -0.00178490
      171.49000000       -0.00648320
       78.23630000       -0.01956244
       37.60650000       -0.04824767
       18.70900000       -0.09128611
        9.50041000       -0.12842090
        4.90557000       -0.09952292
        2.52670000        0.09012384
        1.27139000        0.35519880
        0.62601000        0.44448890
        0.30099000        0.23870620
        0.11769000        0.02942398
        0.05116000       -0.00192512
        0.02142000        0.00092009
$ D-TYPE FUNCTIONS
     8   1  0
       39.56280000        0.00344600
       11.43730000        0.02136000
        3.96743000        0.07544800
        1.52478000        0.17152800
        0.59047000        0.26061900
        0.21914000        0.33474500
        0.07957000        0.37814300
        0.02834000        0.21650400
a 21
$ Z=21
$ S-TYPE FUNCTIONS
    28   1  0
119495000.00000000       -0.00000000
 21499200.00000000       -0.00000001
  4807030.00000000       -0.00000007
  1284400.00000000       -0.00000031
   396595.00000000       -0.00000120
   137575.00000000       -0.00000409
    52366.80000000       -0.00001255
    21454.90000000       -0.00003554
     9316.06000000       -0.00009438
     4235.40000000       -0.00023836
     1997.44000000       -0.00057372
      970.43000000       -0.00131875
      483.27100000       -0.00284921
      245.80600000       -0.00568424
      127.36000000       -0.00999144
       67.07880000       -0.01409713
       35.83710000       -0.01116554
       19.37130000        0.00691225
       10.55710000        0.04558164
        5.77249000        0.09219903
        3.14540000        0.06237781
        1.69249000       -0.07194592
        0.88864900       -0.19170540
        0.47109300       -0.23798720
        0.24928600       -0.11299990
        0.09998800        0.34240780
        0.04636900        0.62630640
        0.02160600        0.23435030
$ P-TYPE FUNCTIONS
    19   1  0
    13741.70000000        0.00000200
     4365.40000000        0.00001000
     1642.26000000        0.00004900
      694.06600000        0.00019300
      317.74200000        0.00064900
      153.89900000        0.00194200
       77.76650000        0.00502200
       40.67360000        0.01117500
       21.90610000        0.01947300
       12.07950000        0.02764700
        6.75349000        0.02646600
        3.76321000       -0.00146000
        2.04973000       -0.06499500
        1.08645000       -0.11560500
        0.56408700       -0.13820000
        0.28102000        0.00728100
        0.12154400        0.36214100
        0.05345900        0.54201200
        0.02321500        0.21554700
$ D-TYPE FUNCTIONS
    12   1  0
      205.60600000        0.00023800
       61.02270000        0.00216700
       23.36300000        0.01084900
        9.96346000        0.03588100
        4.48945000        0.09349100
        2.11795000        0.18107600
        1.01201800        0.25759300
        0.48104500        0.29185500
        0.22648800        0.26900600
        0.10505700        0.18817400
        0.04768200        0.07324300
        0.02066000        0.00644100
a 22
$ Z=22
$ S-TYPE FUNCTIONS
    28   1  0
122647000.00000000       -0.00000000
 21956200.00000000       -0.00000001
  4902330.00000000       -0.00000007
  1310600.00000000       -0.00000034
   405228.00000000       -0.00000132
   140757.00000000       -0.00000448
    53625.10000000       -0.00001373
    21976.20000000       -0.00003893
     9539.60000000       -0.00010340
     4334.37000000       -0.00026144
     2042.89000000       -0.00062844
      992.30800000       -0.00144185
      494.44600000       -0.00309302
      251.90700000       -0.00611140
      130.90500000       -0.01052833
       69.23680000       -0.01435524
       37.18470000       -0.01013538
       20.21570000        0.00960691
       11.07650000        0.05144379
        6.07867000        0.09453862
        3.31277000        0.05074349
        1.77250000       -0.09206241
        0.91737800       -0.20885300
        0.46928300       -0.23973260
        0.21926700       -0.06020934
        0.10581100        0.37854450
        0.04844300        0.60646330
        0.02253500        0.21315770
$ P-TYPE FUNCTIONS
    19   1  0
    14323.60000000        0.00000200
     4537.22000000        0.00001200
     1726.54000000        0.00005300
      741.07500000        0.00020300
      343.80700000        0.00067000
      167.88400000        0.00199600
       85.03940000        0.00518900
       44.38290000        0.01164000
       23.79280000        0.02037500
       13.05360000        0.02871400
        7.26872000        0.02572600
        4.03805000       -0.00668800
        2.19294000       -0.07198500
        1.16162000       -0.11841500
        0.60325000       -0.13000000
        0.30017400        0.03071100
        0.13026400        0.37914300
        0.05729800        0.52761500
        0.02495200        0.20071500
$ D-TYPE FUNCTIONS
    12   1  0
      249.35600000        0.00023100
       74.74830000        0.00208000
       28.93990000        0.01054200
       12.52790000        0.03536700
        5.73431000        0.09260700
        2.74531000        0.18313200
        1.33212000        0.26501600
        0.64108800        0.30002100
        0.30278100        0.26739000
        0.13905300        0.17131100
        0.06202900        0.05892900
        0.02643956        0.00450600
a 23
$ Z=23
$ S-TYPE FUNCTIONS
    28   1  0
128349000.00000000       -0.00000000
 22904400.00000000       -0.00000001
  5107770.00000000       -0.00000008
  1365280.00000000       -0.00000036
   422228.00000000       -0.00000140
   146685.00000000       -0.00000476
    55872.30000000       -0.00001459
    22881.30000000       -0.00004142
     9920.45000000       -0.00011024
     4499.92000000       -0.00027939
     2116.75000000       -0.00067294
     1026.06000000       -0.00154536
      510.25700000       -0.00331067
      259.53200000       -0.00650807
      134.70900000       -0.01106511
       71.21040000       -0.01456548
       38.24960000       -0.00892051
       20.81020000        0.01323718
       11.41580000        0.05853341
        6.27302000        0.09535172
        3.42177000        0.03433249
        1.83044000       -0.10995050
        0.94523500       -0.21739910
        0.47592800       -0.22377570
        0.18638100       -0.01020157
        0.10676800        0.40124640
        0.04997900        0.57278200
        0.02350100        0.19665370
$ P-TYPE FUNCTIONS
    19   1  0
    16330.10000000        0.00000200
     5149.59000000        0.00001100
     1950.03000000        0.00005200
      834.46300000        0.00020100
      386.99000000        0.00066300
      189.37200000        0.00197300
       96.28450000        0.00511600
       50.46400000        0.01155200
       27.14830000        0.02045500
       14.92560000        0.02934900
        8.31617000        0.02669400
        4.62086000       -0.00605900
        2.51138000       -0.07354500
        1.33091000       -0.11943600
        0.69041500       -0.12478300
        0.34320700        0.03660500
        0.14589600        0.37289000
        0.06297100        0.52464900
        0.02692200        0.20903800
$ D-TYPE FUNCTIONS
    12   1  0
      298.42400000        0.00021800
       88.36650000        0.00203400
       34.05590000        0.01057400
       14.77990000        0.03595500
        6.82905000        0.09350000
        3.31109000        0.18403700
        1.62861000        0.26626700
        0.79339300        0.29958400
        0.37882600        0.26280300
        0.17586200        0.16542100
        0.07885800        0.05803900
        0.03338200        0.00501900
a 24
$ Z=24
$ S-TYPE FUNCTIONS
    28   1  0
135540000.00000000       -0.00000000
 24240400.00000000       -0.00000001
  5412270.00000000       -0.00000008
  1447920.00000000       -0.00000037
   448199.00000000       -0.00000144
   155899.00000000       -0.00000488
    59479.60000000       -0.00001494
    24408.10000000       -0.00004228
    10607.00000000       -0.00011214
     4823.08000000       -0.00028327
     2274.08000000       -0.00068037
     1104.54000000       -0.00155922
      550.09900000       -0.00333730
      280.01000000       -0.00656111
      145.33000000       -0.01115752
       76.75510000       -0.01462359
       41.15940000       -0.00863330
       22.34450000        0.01464739
       12.22930000        0.06184511
        6.70777000        0.09478115
        3.65694000        0.02513425
        1.95978000       -0.11648140
        1.01758000       -0.21399590
        0.51291300       -0.20999940
        0.19479800        0.01313418
        0.11096900        0.40297700
        0.05212300        0.55749890
        0.02448900        0.18780250
$ P-TYPE FUNCTIONS
    19   1  0
    17890.90000000        0.00000200
     5678.28000000        0.00001100
     2138.75000000        0.00005200
      905.85500000        0.00020700
      415.64500000        0.00069300
      201.69500000        0.00208200
      102.04000000        0.00540500
       53.39550000        0.01209400
       28.75700000        0.02109800
       15.85360000        0.02969800
        8.86385000        0.02504700
        4.94334000       -0.01028200
        2.69732000       -0.07688800
        1.43643000       -0.11732200
        0.74851800       -0.11632800
        0.37331000        0.04505200
        0.15771200        0.37246100
        0.06748400        0.52076200
        0.02859500        0.20971600
$ D-TYPE FUNCTIONS
    12   1  0
      384.32400000        0.00016600
      115.62100000        0.00153300
       44.84780000        0.00827300
       19.61290000        0.02962800
        9.10083000        0.08043200
        4.41832000        0.16825500
        2.18287000        0.25734700
        1.06840000        0.30130100
        0.51062400        0.27543000
        0.23514100        0.18207700
        0.10283600        0.06753400
        0.04142500        0.00611100
a 25
$ Z=25
$ S-TYPE FUNCTIONS
    28   1  0
137766000.00000000       -0.00000000
 24564000.00000000       -0.00000002
  5479990.00000000       -0.00000009
  1466640.00000000       -0.00000040
   454421.00000000       -0.00000154
   158216.00000000       -0.00000522
    60404.30000000       -0.00001597
    24793.60000000       -0.00004518
    10772.30000000       -0.00011993
     4895.54000000       -0.00030302
     2306.56000000       -0.00072797
     1119.56000000       -0.00166474
      557.38100000       -0.00354763
      283.77800000       -0.00690479
      147.43600000       -0.01152342
       78.02270000       -0.01441381
       41.96790000       -0.00696178
       22.87780000        0.01838929
       12.58450000        0.06658310
        6.94170000        0.09026754
        3.80629000        0.01114062
        2.05031000       -0.12327790
        1.06838000       -0.20945920
        0.53660600       -0.19251290
        0.18326000        0.07524310
        0.10529700        0.40964570
        0.05146400        0.51388810
        0.02467800        0.16481460
$ P-TYPE FUNCTIONS
    19   1  0
    19317.10000000        0.00000200
     6114.10000000        0.00001100
     2316.26000000        0.00005200
      989.69000000        0.00020100
      457.94200000        0.00066400
      223.64200000        0.00198900
      113.59400000        0.00516300
       59.56210000        0.01165300
       32.10720000        0.02049900
       17.71030000        0.02915100
        9.90621000        0.02461500
        5.52243000       -0.00971500
        3.00832000       -0.07544100
        1.59873000       -0.11320400
        0.83086800       -0.11177600
        0.41353800        0.04406900
        0.17110800        0.36632400
        0.07216600        0.52175000
        0.03016500        0.21718600
$ D-TYPE FUNCTIONS
    12   1  0
      435.10000000        0.00016400
      130.98200000        0.00152200
       50.88160000        0.00827300
       22.30080000        0.03000900
       10.35520000        0.08258000
        5.01521000        0.17357700
        2.46793000        0.26265100
        1.20369000        0.29847900
        0.57415200        0.26568100
        0.26411400        0.18028300
        0.11512800        0.07661300
        0.04608200        0.01076500
a 26
$ Z=26
$ S-TYPE FUNCTIONS
    28   1  0
149769000.00000000       -0.00000000
 26722500.00000000       -0.00000001
  5959000.00000000       -0.00000009
  1593610.00000000       -0.00000039
   493464.00000000       -0.00000152
   171790.00000000       -0.00000516
    65620.90000000       -0.00001577
    26965.60000000       -0.00004452
    11735.30000000       -0.00011786
     5343.43000000       -0.00029705
     2522.50000000       -0.00071215
     1226.43000000       -0.00162758
      611.26900000       -0.00347281
      311.30800000       -0.00678639
      161.62400000       -0.01140447
       85.37670000       -0.01442020
       45.79110000       -0.00711220
       24.86770000        0.01875196
       13.62020000        0.06800067
        7.48106000        0.08897549
        4.08817000        0.00537566
        2.19905000       -0.12624550
        1.14815000       -0.20477760
        0.57726500       -0.18133730
        0.19763500        0.08926755
        0.10898600        0.41523510
        0.05321600        0.49804810
        0.02557100        0.15983440
$ P-TYPE FUNCTIONS
    19   1  0
    21254.00000000        0.00000200
     6741.14000000        0.00001100
     2557.16000000        0.00004900
     1093.51000000        0.00019000
      506.16100000        0.00062900
      247.13900000        0.00189600
      125.41500000        0.00494000
       65.65120000        0.01128400
       35.30790000        0.01997500
       19.42600000        0.02865200
       10.84380000        0.02344700
        6.04359000       -0.01015700
        3.30245000       -0.07378100
        1.76389000       -0.10603300
        0.92138600       -0.10721400
        0.46037300        0.03888700
        0.18361300        0.35600200
        0.07585700        0.52561900
        0.03114700        0.22889900
$ D-TYPE FUNCTIONS
    12   1  0
      489.11500000        0.00016100
      147.20800000        0.00150400
       57.12780000        0.00826400
       25.04290000        0.03030800
       11.66720000        0.08331000
        5.68250000        0.17347700
        2.81325000        0.26148300
        1.37733000        0.29968000
        0.65653400        0.26956400
        0.30070000        0.17862600
        0.13018700        0.06919500
        0.05158200        0.00746400
a 27
$ Z=27
$ S-TYPE FUNCTIONS
    28   1  0
161030000.00000000       -0.00000000
 28755800.00000000       -0.00000001
  6423240.00000000       -0.00000008
  1721200.00000000       -0.00000039
   533994.00000000       -0.00000150
   186194.00000000       -0.00000507
    71201.70000000       -0.00001546
    29276.20000000       -0.00004364
    12742.30000000       -0.00011559
     5800.51000000       -0.00029157
     2736.96000000       -0.00069974
     1329.99000000       -0.00160114
      662.61100000       -0.00342023
      337.41500000       -0.00669185
      175.23400000       -0.01125825
       92.64340000       -0.01427562
       49.75760000       -0.00713477
       27.07280000        0.01848341
       14.86100000        0.06724484
        8.18121000        0.08704356
        4.47941000        0.00499801
        2.41191000       -0.12385560
        1.25844000       -0.19895200
        0.63123400       -0.17599400
        0.21529700        0.07944520
        0.11851000        0.40249330
        0.05720900        0.50340630
        0.02716600        0.17304810
$ P-TYPE FUNCTIONS
    19   1  0
    23815.10000000        0.00000200
     7540.43000000        0.00001000
     2854.08000000        0.00004700
     1217.69000000        0.00018500
      562.51500000        0.00061300
      274.27400000        0.00186000
      139.11400000        0.00486400
       72.85980000        0.01117500
       39.24480000        0.01991100
       21.64300000        0.02880900
       12.11490000        0.02409000
        6.76912000       -0.00866100
        3.70528000       -0.07295300
        1.97901000       -0.10667600
        1.03127000       -0.10791200
        0.51360900        0.03961500
        0.20426400        0.35604000
        0.08387800        0.52490900
        0.03414200        0.23089600
$ D-TYPE FUNCTIONS
    12   1  0
      495.24800000        0.00019500
      149.03800000        0.00182000
       57.87280000        0.00986000
       25.37960000        0.03541700
       11.85940000        0.09488200
        5.79630000        0.18865100
        2.87275000        0.27039500
        1.40783600        0.29634700
        0.67240700        0.25655900
        0.30883500        0.16405500
        0.13429700        0.06056700
        0.05361900        0.00604300
a 28
$ Z=28
$ S-TYPE FUNCTIONS
    28   1  0
168793000.00000000       -0.00000000
 30136900.00000000       -0.00000002
  6730750.00000000       -0.00000009
  1803370.00000000       -0.00000041
   559438.00000000       -0.00000159
   195064.00000000       -0.00000539
    74600.70000000       -0.00001645
    30681.70000000       -0.00004640
    13360.30000000       -0.00012279
     6086.16000000       -0.00030927
     2874.62000000       -0.00074075
     1398.72000000       -0.00169022
      697.98100000       -0.00359826
      356.11000000       -0.00700765
      185.34600000       -0.01171488
       98.22210000       -0.01467085
       52.88340000       -0.00694996
       28.84240000        0.02016183
       15.86640000        0.07054184
        8.74933000        0.08743265
        4.79482000        0.00089260
        2.58124000       -0.12848790
        1.34450000       -0.19926980
        0.67237400       -0.16870380
        0.22464000        0.09663179
        0.12019200        0.40917170
        0.05815400        0.48656050
        0.02772300        0.16455360
$ P-TYPE FUNCTIONS
    19   1  0
    25289.10000000        0.00000200
     7974.06000000        0.00001000
     3013.01000000        0.00004500
     1286.41000000        0.00017700
      595.85500000        0.00058400
      291.65600000        0.00176200
      148.54400000        0.00456300
       78.07370000        0.01048400
       42.14780000        0.01857900
       23.25990000        0.02697100
       13.01210000        0.02147400
        7.26399000       -0.00959800
        3.97357000       -0.06914800
        2.12156000       -0.09557100
        1.10515000       -0.09892500
        0.54995000        0.03645000
        0.21074000        0.34471200
        0.08473100        0.52775000
        0.03390200        0.24363700
$ D-TYPE FUNCTIONS
    12   1  0
      568.86650000        0.00017700
      171.25010000        0.00166500
       66.49195000        0.00915300
       29.20541000        0.03348100
       13.67848000        0.09090200
        6.69788000        0.18339800
        3.32585000        0.26636100
        1.63148000        0.29454100
        0.77901400        0.25888600
        0.35754600        0.17300300
        0.15516300        0.07024100
        0.06140200        0.00833100
a 29
$ Z=29
$ S-TYPE FUNCTIONS
    28   1  0
193188000.00000000       -0.00000000
 33945200.00000000       -0.00000001
  7510460.00000000       -0.00000008
  2001990.00000000       -0.00000038
   619378.00000000       -0.00000145
   215606.00000000       -0.00000492
    82327.10000000       -0.00001504
    33788.40000000       -0.00004259
    14670.00000000       -0.00011329
     6657.44000000       -0.00028711
     3130.26000000       -0.00069259
     1515.61000000       -0.00159169
      752.58800000       -0.00341149
      382.24900000       -0.00667706
      198.23700000       -0.01118545
      104.81000000       -0.01394792
       56.38850000       -0.00636456
       30.78300000        0.01991809
       16.97700000        0.06774441
        9.39725000        0.08134341
        5.17238000       -0.00089950
        2.79535000       -0.12197130
        1.45890000       -0.18834430
        0.72871100       -0.16233290
        0.23764200        0.09426046
        0.12782100        0.39622200
        0.06181500        0.48508190
        0.02930300        0.17798800
$ P-TYPE FUNCTIONS
    19   1  0
    26939.10000000        0.00000200
     8550.71000000        0.00001000
     3246.19000000        0.00004400
     1388.46000000        0.00017200
      642.47400000        0.00057000
      313.57000000        0.00173600
      159.16100000        0.00452000
       83.44140000        0.01040500
       45.01960000        0.01833200
       24.88940000        0.02638100
       13.97310000        0.02018600
        7.82571000       -0.01025000
        4.28632000       -0.06805400
        2.29034000       -0.09149700
        1.19342000       -0.09495000
        0.59376500        0.03640600
        0.22398700        0.33983400
        0.08902600        0.52812300
        0.03521300        0.25014000
$ D-TYPE FUNCTIONS
    12   1  0
      732.89300000        0.00012500
      220.75300000        0.00119800
       85.62680000        0.00683600
       37.71780000        0.02626000
       17.76470000        0.07427300
        8.76415000        0.15885700
        4.41786600        0.24585800
        2.21803900        0.28650900
        1.09353100        0.26650500
        0.52309100        0.19656500
        0.23847500        0.10059700
        0.10002600        0.02317800
a 30
$ Z=30
$ S-TYPE FUNCTIONS
    28   1  0
187413000.00000000       -0.00000000
 33512700.00000000       -0.00000002
  7504750.00000000       -0.00000009
  2017870.00000000       -0.00000041
   628578.00000000       -0.00000158
   220163.00000000       -0.00000529
    84595.20000000       -0.00001605
    34955.50000000       -0.00004498
    15290.30000000       -0.00011846
     6994.93000000       -0.00029659
     3316.59000000       -0.00070837
     1619.24000000       -0.00160979
      810.34300000       -0.00342968
      414.39300000       -0.00667783
      216.05800000       -0.01124816
      114.63500000       -0.01419067
       61.76230000       -0.00711978
       33.69240000        0.01964233
       18.53150000        0.06866033
       10.21440000        0.08451691
        5.59428000       -0.00255859
        3.00968000       -0.12468730
        1.56684000       -0.19817320
        0.78143700       -0.16269830
        0.25811800        0.12126770
        0.13855600        0.41476240
        0.06617100        0.48408720
        0.03098600        0.14192220
$ P-TYPE FUNCTIONS
    19   1  0
    26971.30000000        0.00000200
     8560.07000000        0.00001100
     3248.80000000        0.00004900
     1389.41000000        0.00019000
      643.04300000        0.00062800
      314.00500000        0.00189800
      159.48900000        0.00490500
       83.66620000        0.01109100
       45.15740000        0.01911000
       24.96300000        0.02640400
       14.00430000        0.01704800
        7.83267000       -0.01677700
        4.28410000       -0.07228100
        2.28901000       -0.08883400
        1.19436000       -0.08550100
        0.59425800        0.05147700
        0.22691400        0.34826300
        0.09017900        0.52071300
        0.03571800        0.24111000
a 31
$ Z=31
$ S-TYPE FUNCTIONS
    26   1  0
108615200.00000000       -0.00000001
 16264540.00000000       -0.00000005
  3700112.00000000       -0.00000027
  1047169.00000000       -0.00000114
   341067.60000000       -0.00000418
   122771.50000000       -0.00001378
    47659.58000000       -0.00004188
    19633.35000000       -0.00011902
     8488.73500000       -0.00031960
     3823.13800000       -0.00081070
     1784.47600000       -0.00193600
      860.05300000       -0.00427220
      426.69870000       -0.00849450
      217.26160000       -0.01427090
      112.96990000       -0.01726810
       59.44944000       -0.00477820
       30.78226000        0.03949270
       16.42321000        0.10272000
        8.75788900        0.07735290
        4.40962900       -0.08495650
        2.24944900       -0.22198340
        1.12611500       -0.25320890
        0.51548600       -0.03209540
        0.24257800        0.43100170
        0.10708600        0.57776890
        0.04698800        0.18148420
$ P-TYPE FUNCTIONS
    17   1  0
    32152.19000000        0.00000170
     7609.38400000        0.00001580
     2471.47400000        0.00009080
      946.06360000        0.00041200
      401.94710000        0.00149840
      183.64690000        0.00462520
       88.53326000        0.01127130
       44.27036000        0.02132120
       22.72308000        0.02595230
       11.82314000        0.00663200
        6.04213500       -0.05017040
        3.03175400       -0.08429770
        1.49336600       -0.09030230
        0.70972700        0.01847270
        0.24859300        0.31232250
        0.09439500        0.53648160
        0.03588700        0.28316500
$ D-TYPE FUNCTIONS
    12   1  0
     1040.50500000        0.00008920
      314.59710000        0.00086250
      122.78760000        0.00500940
       54.76037000        0.01996490
       26.29894000        0.05832140
       13.26345000        0.13168680
        6.88506500        0.22186760
        3.57952500        0.28250590
        1.83156400        0.28319890
        0.91290900        0.21582510
        0.43534000        0.10524360
        0.18851800        0.02072320
a 32
$ Z=32
$ S-TYPE FUNCTIONS
    26   1  0
122001200.00000000       -0.00000001
 18257470.00000000       -0.00000005
  4150822.00000000       -0.00000028
  1174102.00000000       -0.00000112
   382309.20000000       -0.00000439
   137608.00000000       -0.00001446
    53419.24000000       -0.00004396
    22005.76000000       -0.00012490
     9513.84800000       -0.00033580
     4284.17600000       -0.00085250
     1999.16600000       -0.00204240
      963.24720000       -0.00452450
      477.80500000       -0.00907440
      243.31590000       -0.01544830
      126.64000000       -0.01943380
       66.78358000       -0.00732890
       34.41608000        0.03964850
       18.37281000        0.11217960
        9.80546100        0.09356860
        4.96940300       -0.08064590
        2.54862300       -0.25011090
        1.28459400       -0.29780990
        0.58335300       -0.02201710
        0.29343900        0.47231340
        0.13267200        0.56922160
        0.05923900        0.16424980
$ P-TYPE FUNCTIONS
    17   1  0
    32314.97000000        0.00000240
     7648.20000000        0.00002140
     2484.21100000        0.00012430
      951.00310000        0.00055890
      404.04830000        0.00203830
      184.60350000        0.00620160
       88.96413000        0.01501060
       44.44774000        0.02741270
       22.79907000        0.03177960
       11.83593000        0.00092280
        6.01129400       -0.06983420
        2.99578400       -0.11196000
        1.46957000       -0.09935650
        0.69068100        0.05773180
        0.28616000        0.37395740
        0.11774200        0.51165530
        0.04738500        0.21535210
$ D-TYPE FUNCTIONS
    12   1  0
     1226.79800000        0.00007630
      371.23220000        0.00074250
      144.89100000        0.00437560
       64.60413000        0.01792570
       31.03974000        0.05392530
       15.64387000        0.12571910
        8.12582200        0.21915660
        4.23976200        0.28606620
        2.18638600        0.28965040
        1.10387100        0.21596980
        0.53381100        0.09761640
        0.23135500        0.01676540
a 33
$ Z=33
$ S-TYPE FUNCTIONS
    26   1  0
137507500.00000000       -0.00000001
 20515050.00000000       -0.00000006
  4648716.00000000       -0.00000029
  1311265.00000000       -0.00000123
   426185.90000000       -0.00000452
   153237.10000000       -0.00001488
    59459.40000000       -0.00004527
    24492.81000000       -0.00012858
    10590.25000000       -0.00034580
     4769.78400000       -0.00087803
     2226.37000000       -0.00210730
     1073.08600000       -0.00468170
      532.50060000       -0.00945580
      271.29760000       -0.01629900
      141.31190000       -0.02121380
       74.58443000       -0.00989440
       38.29834000        0.03863790
       20.46913000        0.11888930
       10.93958000        0.10889900
        5.59036700       -0.07220790
        2.88285900       -0.27180000
        1.46608600       -0.33716620
        0.67483900       -0.01395500
        0.34639900        0.49921120
        0.15928900        0.56392840
        0.07210900        0.15398550
$ P-TYPE FUNCTIONS
    17   1  0
    34166.16000000        0.00000280
     8086.56100000        0.00002490
     2626.51100000        0.00014510
     1005.39500000        0.00065040
      427.12730000        0.00238180
      195.15110000        0.00722070
       94.05431000        0.01753180
       46.99988000        0.03174140
       24.11746000        0.03654490
       12.51998000       -0.00160240
        6.35732500       -0.08246440
        3.16805200       -0.13443720
        1.55348100       -0.10516860
        0.71032500        0.10005870
        0.32095500        0.41389930
        0.13935700        0.47845530
        0.05841000        0.17147690
$ D-TYPE FUNCTIONS
    12   1  0
     1424.45100000        0.00006660
      431.06680000        0.00065370
      168.12860000        0.00390410
       74.86672000        0.01639190
       35.94586000        0.05062320
       18.09847000        0.12110210
        9.40578000        0.21681690
        4.92390400        0.28874520
        2.55649300        0.29477690
        1.30423300        0.21559980
        0.63711800        0.09175750
        0.27579500        0.01430220
a 34
$ Z=34
$ S-TYPE FUNCTIONS
    26   1  0
154432200.00000000       -0.00000001
 23129210.00000000       -0.00000005
  5261793.00000000       -0.00000029
  1488817.00000000       -0.00000121
   484656.60000000       -0.00000446
   174270.60000000       -0.00001471
    67529.09000000       -0.00004487
    27750.84000000       -0.00012799
    11964.22000000       -0.00034570
     5370.71500000       -0.00088340
     2497.31900000       -0.00213630
     1198.76800000       -0.00478920
      592.58030000       -0.00977580
      300.97710000       -0.01708770
      156.46020000       -0.02286560
       82.47609000       -0.01230280
       42.27089000        0.03752540
       22.63022000        0.12443420
       12.12237000        0.12311950
        6.24917000       -0.06243300
        3.24267800       -0.28948340
        1.66636200       -0.37443990
        0.78726400       -0.00953280
        0.40297200        0.52692250
        0.18709600        0.55925390
        0.08470600        0.14330280
$ P-TYPE FUNCTIONS
    17   1  0
    36511.34000000        0.00000310
     8640.55100000        0.00002730
     2805.69100000        0.00015930
     1073.49600000        0.00071360
      455.77470000        0.00262600
      208.09430000        0.00796670
      100.23110000        0.01944400
       50.07352000        0.03513280
       25.70026000        0.04040280
       13.34679000       -0.00339690
        6.78705100       -0.09209990
        3.39165400       -0.15350900
        1.67032700       -0.10587050
        0.75259900        0.15280370
        0.34681300        0.43738130
        0.15185500        0.43993060
        0.06385600        0.14758170
$ D-TYPE FUNCTIONS
    12   1  0
     1635.06600000        0.00005910
      494.67270000        0.00058400
      192.84390000        0.00352560
       85.78220000        0.01511270
       41.14997000        0.04784460
       20.67817000        0.11743450
       10.72639000        0.21590740
        5.61245400        0.29292160
        2.92037600        0.30008640
        1.49818400        0.21367190
        0.73599900        0.08498330
        0.31600400        0.01180120
a 35
$ Z=35
$ S-TYPE FUNCTIONS
    26   1  0
165735200.00000000       -0.00000001
 24774380.00000000       -0.00000006
  5628202.00000000       -0.00000030
  1591900.00000000       -0.00000128
   518263.80000000       -0.00000468
   186490.90000000       -0.00001542
    72332.49000000       -0.00004697
    29761.13000000       -0.00013372
    12851.71000000       -0.00036049
     5780.94300000       -0.00091798
     2695.01000000       -0.00221290
     1297.66000000       -0.00494730
      643.63490000       -0.01009510
      327.95190000       -0.01773240
      170.92260000       -0.02416530
       90.25014000       -0.01431800
       46.29247000        0.03628120
       24.84866000        0.12865520
       13.34714000        0.13568880
        6.94825800       -0.05167640
        3.62507500       -0.30307240
        1.88215300       -0.40738380
        0.91082200       -0.00903930
        0.46395700        0.54552490
        0.21693300        0.55826500
        0.09840600        0.13789010
$ P-TYPE FUNCTIONS
    17   1  0
    39391.53000000        0.00000320
     9325.22200000        0.00002880
     3028.99400000        0.00016840
     1159.51400000        0.00075430
      492.68130000        0.00278010
      225.17450000        0.00844620
      108.59330000        0.02073760
       54.33608000        0.03775420
       27.93665000        0.04420620
       14.53963000       -0.00217750
        7.42130700       -0.09795300
        3.73038900       -0.16926560
        1.85412700       -0.11174900
        0.84533700        0.17844220
        0.39215200        0.44996580
        0.17276700        0.42155970
        0.07290800        0.13503800
$ D-TYPE FUNCTIONS
    12   1  0
     1850.63500000        0.00005380
      557.07120000        0.00054020
      216.48690000        0.00330120
       96.13885000        0.01435510
       46.12638000        0.04611680
       23.20116000        0.11478730
       12.05593000        0.21453690
        6.32554500        0.29531310
        3.30492200        0.30409380
        1.70425300        0.21213150
        0.83994000        0.07978040
        0.35695300        0.01007360
a 36
$ Z=36
$ S-TYPE FUNCTIONS
    26   1  0
182822100.00000000       -0.00000001
 27356160.00000000       -0.00000006
  6221170.00000000       -0.00000030
  1760278.00000000       -0.00000127
   573193.80000000       -0.00000466
   206258.50000000       -0.00001535
    80026.67000000       -0.00004674
    32939.08000000       -0.00013302
    14222.63000000       -0.00035906
     6393.07100000       -0.00091650
     2976.45400000       -0.00221840
     1430.52500000       -0.00498830
      707.92620000       -0.01026610
      359.84850000       -0.01824450
      187.14970000       -0.02541100
       98.63452000       -0.01639310
       50.54787000        0.03469770
       27.16700000        0.13212830
       14.61510000        0.14709250
        7.65135200       -0.04182160
        3.99726300       -0.31952400
        2.08585300       -0.43632860
        1.01479700        0.00429110
        0.51978800        0.56455580
        0.24510300        0.55028450
        0.11189600        0.12977100
$ P-TYPE FUNCTIONS
    17   1  0
    42993.06000000        0.00000330
    10173.72000000        0.00002930
     3303.10600000        0.00017130
     1263.54000000        0.00076950
      536.36550000        0.00285140
      244.87620000        0.00872040
      117.99120000        0.02161810
       59.02125000        0.03980240
       30.35607000        0.04747750
       15.81998000       -0.00047730
        8.10458000       -0.10218910
        4.09796400       -0.18236110
        2.05606100       -0.11733630
        0.95214500        0.19542440
        0.44477400        0.45901760
        0.19749600        0.40961740
        0.08382300        0.12597150
$ D-TYPE FUNCTIONS
    12   1  0
     2067.43600000        0.00004960
      625.69370000        0.00049440
      243.94680000        0.00302650
      108.42370000        0.01334610
       52.00522000        0.04378690
       26.11540000        0.11143880
       13.54675000        0.21303410
        7.10581000        0.29792410
        3.72155400        0.30796600
        1.92912000        0.21107750
        0.95582600        0.07632610
        0.40519700        0.00917330
a 39
$ Z=39
$ S-TYPE FUNCTIONS
    15   1  0
    14079.80000000       -0.00000100
     2247.38000000       -0.00000400
      520.23700000       -0.00001700
      150.81100000       -0.00006300
       24.50300000       -0.00186700
       15.24180000        0.01541100
        9.50084000       -0.05016300
        3.82372000        0.10638200
        2.27586000        0.10605300
        1.06441000       -0.12617200
        0.58554900       -0.28940700
        0.30530200       -0.29836200
        0.12097200        0.07039600
        0.06638800        0.54213000
        0.03283800        0.50634300
$ P-TYPE FUNCTIONS
    12   1  0
       77.91080000        0.00013800
       13.70370000       -0.00254300
        8.55600000        0.03992200
        5.34335000       -0.08363900
        3.13096000       -0.10967600
        1.24813000        0.23293600
        0.70570700        0.41558600
        0.39204000        0.34936800
        0.21286500        0.14237300
        0.10704200        0.02060400
        0.05434600        0.00165400
        0.02774800        0.00044500
$ D-TYPE FUNCTIONS
    10   1  0
       45.40240000        0.00012000
       12.93340000        0.00109900
        4.80065000       -0.00680000
        1.85934000        0.03035700
        1.11697000        0.09929900
        0.64370900        0.18025600
        0.35234900        0.24597000
        0.18536800        0.28111800
        0.09312200        0.26674000
        0.04454000        0.16926600
a 40
$ Z=40
$ S-TYPE FUNCTIONS
    15   1  0
    15437.50000000       -0.00000100
     2465.97000000       -0.00000400
      578.65100000       -0.00001900
      162.73500000       -0.00007000
       26.53350000       -0.00198400
       16.57040000        0.01625700
       10.33030000       -0.05264200
        4.14810000        0.11039500
        2.51613000        0.11169800
        1.16597000       -0.13754200
        0.64512500       -0.30405700
        0.33701000       -0.28373500
        0.13659700        0.09622600
        0.07262900        0.53630000
        0.03589300        0.49138500
$ P-TYPE FUNCTIONS
    12   1  0
       86.60650000        0.00014000
       15.15550000       -0.00278600
        9.46580000        0.04145100
        5.91252000       -0.08441300
        3.45337000       -0.11742700
        1.37611000        0.24768300
        0.77686600        0.42941900
        0.42737200        0.34443800
        0.22770600        0.12656600
        0.11536400        0.01571000
        0.05940000        0.00209700
        0.03089900        0.00006500
$ D-TYPE FUNCTIONS
    10   1  0
       49.50670000        0.00015400
       13.93030000        0.00142700
        5.26039000       -0.00957800
        2.03319000        0.04195600
        1.21917000        0.12546100
        0.71110200        0.21256200
        0.38992800        0.28238300
        0.20237600        0.28594900
        0.10187000        0.21550500
        0.05034300        0.10511100
a 41
$ Z=41
$ S-TYPE FUNCTIONS
    15   1  0
    16724.40000000       -0.00000100
     2802.57000000       -0.00000500
      620.60600000       -0.00002300
      169.99400000       -0.00007700
       28.90910000       -0.00200800
       17.98900000        0.01631300
       11.08100000       -0.05465700
        4.50841000        0.11232300
        2.77404000        0.11713000
        1.27858000       -0.14444100
        0.71048200       -0.31056200
        0.37124400       -0.27239900
        0.15376200        0.10053500
        0.07994300        0.52859600
        0.03904900        0.49267600
$ P-TYPE FUNCTIONS
    12   1  0
       94.57400000        0.00014200
       16.54510000       -0.00312300
       10.33530000        0.04372400
        6.45568000       -0.08665900
        3.78185000       -0.12424400
        1.51009000        0.25995000
        0.85291300        0.43524900
        0.47055100        0.33511800
        0.25250700        0.12158100
        0.12771200        0.01574700
        0.06545800        0.00168200
        0.03376400        0.00014000
$ D-TYPE FUNCTIONS
    10   1  0
      112.08400000        0.00004200
       33.77140000        0.00034400
       12.47510000        0.00221400
        6.32939000       -0.00975100
        2.02144000        0.07611900
        1.12328000        0.20353100
        0.59918100        0.29300900
        0.30989400        0.30594400
        0.15470900        0.24114200
        0.07409100        0.12531400
a 42
$ Z=42
$ S-TYPE FUNCTIONS
    15   1  0
    17946.30000000       -0.00000100
     3312.27000000       -0.00000500
      681.62600000       -0.00002600
      180.16200000       -0.00008700
       30.66730000       -0.00213100
       19.15090000        0.01748600
       11.89410000       -0.05748200
        4.89814000        0.11231500
        3.04885000        0.12151300
        1.39817000       -0.14745600
        0.78203200       -0.30946100
        0.40907400       -0.26392300
        0.17054500        0.09521300
        0.08796300        0.51275400
        0.04261000        0.50038800
$ P-TYPE FUNCTIONS
    12   1  0
      102.20900000        0.00014900
       18.01490000       -0.00339800
       11.25380000        0.04520000
        7.03000000       -0.08624600
        4.15831000       -0.13090500
        1.64811000        0.26802300
        0.93796100        0.43472300
        0.52005700        0.33199400
        0.27919400        0.11967800
        0.14110900        0.01527400
        0.07205500        0.00164300
        0.03687700        0.00012400
$ D-TYPE FUNCTIONS
    10   1  0
      121.69400000        0.00004300
       37.91530000        0.00032100
       13.80010000        0.00245200
        7.03411000       -0.01295200
        2.22961000        0.08697800
        1.23326000        0.22304700
        0.65801500        0.30574400
        0.34084900        0.30109100
        0.17023700        0.22114500
        0.08146500        0.10611100
a 43
$ Z=43
$ S-TYPE FUNCTIONS
    15   1  0
    17206.10000000       -0.00000100
     2992.56000000       -0.00000600
      736.99100000       -0.00002500
      205.55300000       -0.00009300
       33.21510000       -0.00227400
       20.67480000        0.01807600
       12.91280000       -0.05663000
        4.92960000        0.14150000
        3.07800000        0.08967700
        1.43307000       -0.18207800
        0.78509400       -0.31109700
        0.41095800       -0.21959100
        0.16355200        0.16614600
        0.08310800        0.52168800
        0.04129100        0.44062500
$ P-TYPE FUNCTIONS
    12   1  0
      110.09400000        0.00015800
       19.37630000       -0.00358200
       12.10390000        0.04730400
        7.56059000       -0.09016400
        4.48807000       -0.13472300
        1.80957000        0.26935100
        1.03657000        0.43339100
        0.57921800        0.33074100
        0.31374500        0.12319300
        0.15685000        0.01663500
        0.07915200        0.00128800
        0.03993600        0.00026200
$ D-TYPE FUNCTIONS
    10   1  0
      147.87900000        0.00003800
       44.59730000        0.00031300
       15.81220000        0.00240000
        7.74411000       -0.01348600
        2.43730000        0.09531000
        1.35418000        0.23615700
        0.72407500        0.31271000
        0.37574000        0.29482000
        0.18815100        0.20698700
        0.09022000        0.09589400
a 44
$ Z=44
$ S-TYPE FUNCTIONS
    15   1  0
    19299.80000000       -0.00000100
     3177.37000000       -0.00000700
      765.83300000       -0.00003000
      211.49600000       -0.00010600
       35.07570000       -0.00235800
       21.90300000        0.01871300
       13.68020000       -0.05903500
        5.31509000        0.14380900
        3.31349000        0.09174700
        1.58143000       -0.17850500
        0.86436900       -0.30841700
        0.45061200       -0.21579700
        0.17893600        0.14854500
        0.09125700        0.49892700
        0.04510000        0.45867800
$ P-TYPE FUNCTIONS
    12   1  0
      117.23700000        0.00017100
       20.73330000       -0.00379100
       12.95070000        0.04946000
        8.08995000       -0.09350200
        4.84908000       -0.13821500
        1.97788000        0.26834900
        1.14555000        0.42770900
        0.64822700        0.33049500
        0.35514400        0.13090200
        0.17441300        0.01898900
        0.08695200        0.00079600
        0.04317900        0.00046200
$ D-TYPE FUNCTIONS
    10   1  0
      126.39400000        0.00006200
       38.44930000        0.00044700
       14.02140000        0.00467200
        8.71683000       -0.01973400
        2.68144000        0.10275200
        1.49043000        0.24371800
        0.80053300        0.31480700
        0.41572700        0.29132700
        0.20773700        0.19996000
        0.09943200        0.08973400
a 45
$ Z=45
$ S-TYPE FUNCTIONS
    15   1  0
    21832.70000000       -0.00000100
     3389.97000000       -0.00000800
      781.07000000       -0.00003600
      216.01900000       -0.00012000
       37.14780000       -0.00238700
       23.10830000        0.01930000
       14.43170000       -0.06188300
        5.83018000        0.13692100
        3.64144000        0.10163600
        1.74436000       -0.17097600
        0.95448300       -0.30208000
        0.49572200       -0.21621900
        0.19721700        0.12341400
        0.10078300        0.47563500
        0.04931200        0.47909800
$ P-TYPE FUNCTIONS
    12   1  0
      126.89500000        0.00017700
       22.15630000       -0.00389100
       13.84160000        0.05123400
        8.64985000       -0.09674300
        5.23565000       -0.13928600
        2.09601000        0.29608100
        1.18561000        0.44802700
        0.65484600        0.31575100
        0.35079500        0.10476800
        0.17683200        0.01241000
        0.08938100        0.00142200
        0.04492900        0.00006900
$ D-TYPE FUNCTIONS
    10   1  0
      169.53100000        0.00005100
       51.24170000        0.00041100
       18.04040000        0.00304200
        8.58804000       -0.01667200
        2.94967000        0.10328100
        1.65442000        0.24819400
        0.89042600        0.31740600
        0.46337300        0.28850800
        0.23236300        0.19513600
        0.11150800        0.08691600
a 46
$ Z=46
$ S-TYPE FUNCTIONS
    15   1  0
    23205.80000000       -0.00000100
     3771.39000000       -0.00000800
      844.99900000       -0.00004000
      225.94400000       -0.00013600
       38.89630000       -0.00248600
       24.17440000        0.02014700
       15.03650000       -0.06625600
        6.37339000        0.13258700
        3.98044000        0.10923900
        1.91370000       -0.16276700
        1.04685000       -0.29600000
        0.54112400       -0.21609600
        0.21960400        0.09637400
        0.11124300        0.45583700
        0.05349300        0.49897500
$ P-TYPE FUNCTIONS
    12   1  0
      135.27300000        0.00018600
       23.07610000       -0.00427100
       14.41340000        0.05723300
        9.00419000       -0.11417900
        5.41584000       -0.13931100
        2.35079000        0.27599600
        1.33440000        0.45340400
        0.73354700        0.33095200
        0.39016600        0.11329100
        0.18855700        0.01334100
        0.09148200        0.00088300
        0.04439400        0.00017000
$ D-TYPE FUNCTIONS
    10   1  0
      167.08700000        0.00006700
       50.00320000        0.00054800
       16.82140000        0.00480400
        8.37250000       -0.02600800
        3.25300000        0.11178800
        1.80999000        0.25377400
        0.97706200        0.31781500
        0.51087500        0.28446500
        0.25753300        0.19022300
        0.12409400        0.08401400
a 47
$ Z=47
$ S-TYPE FUNCTIONS
    16   1  0
    25508.10000000       -0.00000100
     3866.30000000       -0.00000900
      865.79500000       -0.00003900
      233.77900000       -0.00013400
       37.27120000       -0.00323200
       23.23210000        0.02859900
       14.48180000       -0.09933800
        7.33015000        0.14402800
        4.54736000        0.11604000
        2.00805000       -0.15928400
        1.12662000       -0.27969600
        0.58790600       -0.20884900
        0.22916500        0.08762000
        0.11935300        0.43176200
        0.05742700        0.50408200
        0.02744700        0.16457800
$ P-TYPE FUNCTIONS
    13   1  0
      260.37100000       -0.00002100
       41.87700000       -0.00041600
       26.08180000        0.00310500
       16.29990000       -0.01491500
        7.33212000        0.06680900
        3.61153000       -0.00268600
        2.25774000       -0.11671800
        1.19563000       -0.16474800
        0.61730700       -0.07987600
        0.28821400        0.14958000
        0.13387100        0.41982000
        0.06066700        0.45120400
        0.02698700        0.14749700
$ D-TYPE FUNCTIONS
    11   1  0
      210.15100000        0.00005200
       63.22130000        0.00043400
       22.19470000        0.00297800
        9.16378000       -0.02103600
        3.69265000        0.08947300
        2.17247000        0.23111400
        1.21504000        0.31141700
        0.65453100        0.29393900
        0.33961000        0.20337100
        0.16843800        0.09098800
        0.07783900        0.01639000
a 48
$ Z=48
$ S-TYPE FUNCTIONS
    16   1  0
    27436.60000000       -0.00000100
     3908.41000000       -0.00001100
      873.49400000       -0.00005000
      240.96600000       -0.00016300
       40.15470000       -0.00325800
       24.93360000        0.02808600
       15.52290000       -0.09674800
        7.57283000        0.15713500
        4.72689000        0.10249900
        2.06319000       -0.18654100
        1.12982000       -0.29314600
        0.58722700       -0.18817500
        0.23632600        0.14613500
        0.11902900        0.46966400
        0.05759300        0.46884200
        0.02775500        0.11911800
$ P-TYPE FUNCTIONS
    13   1  0
      323.26800000       -0.00001800
       63.58910000       -0.00014900
       28.20350000        0.00187400
       17.59360000       -0.01231800
        8.20248000        0.05444200
        5.11079000        0.00935300
        2.53593000       -0.10692700
        1.35839000       -0.15329500
        0.70552300       -0.09523300
        0.33836900        0.11398700
        0.15138000        0.40511200
        0.06636800        0.47875400
        0.02866200        0.17190300
a 49
$ Z=49
$ S-TYPE FUNCTIONS
    16   1  0
    23226.50000000       -0.00000200
     3635.54000000       -0.00001400
      862.58400000       -0.00005900
      246.69300000       -0.00017600
       46.38490000       -0.00227700
       27.03640000        0.02555300
       16.72720000       -0.09818900
        8.38904000        0.13790400
        5.23647000        0.16935300
        2.86966000       -0.11055900
        1.53868000       -0.34445400
        0.79102000       -0.31096400
        0.31118800        0.05357900
        0.17911400        0.48542000
        0.08486600        0.53741600
        0.03914900        0.14151500
$ P-TYPE FUNCTIONS
    13   1  0
      306.98800000       -0.00002000
       51.16590000       -0.00035800
       31.96050000        0.00219000
       19.90800000       -0.00983700
        8.22451000        0.05503500
        4.45234000       -0.00538100
        2.52545000       -0.10562800
        1.31698000       -0.13949100
        0.66331400       -0.06217200
        0.28834700        0.15017600
        0.13006000        0.40967300
        0.05760000        0.45091200
        0.02528500        0.15295400
$ D-TYPE FUNCTIONS
    13   1  0
      608.15300000        0.00000900
      185.85500000        0.00007800
       74.08970000        0.00040300
       30.33680000        0.00228700
       12.51220000       -0.01447900
        5.22199000        0.03758600
        3.24140000        0.18760300
        1.84452000        0.31280500
        1.01394000        0.32132000
        0.54548300        0.22456600
        0.28667900        0.09815300
        0.14473500        0.02023900
        0.06270000        0.00104300
a 50
$ Z=50
$ S-TYPE FUNCTIONS
    16   1  0
    41524.90000000       -0.00000200
     6000.75000000       -0.00001900
     1326.31000000       -0.00009400
      363.71100000       -0.00031300
       97.92930000       -0.00070700
       30.00100000        0.01443800
       18.73490000       -0.07104700
        9.10433000        0.10076300
        5.57143000        0.22487800
        3.37428000       -0.12272100
        1.69213000       -0.38917200
        0.87549700       -0.35646700
        0.37055300        0.09089600
        0.20524700        0.53318000
        0.09965400        0.51066600
        0.04700500        0.11745400
$ P-TYPE FUNCTIONS
    13   1  0
      484.07300000       -0.00001900
      107.97900000       -0.00012100
       36.02680000        0.00080900
       22.49520000       -0.00708200
        9.40565000        0.04597600
        5.87791000        0.01383700
        2.92509000       -0.11610600
        1.54990000       -0.16870500
        0.79409100       -0.09390400
        0.36409000        0.15671400
        0.17082600        0.43729400
        0.07803800        0.43994700
        0.03483300        0.13538200
$ D-TYPE FUNCTIONS
    13   1  0
      664.30800000        0.00001000
      207.97200000        0.00008800
       81.14540000        0.00048800
       33.11640000        0.00257800
       13.77070000       -0.01268800
        6.20542000        0.03424700
        3.64033000        0.18976200
        2.06411000        0.32049300
        1.14052000        0.32740000
        0.61806700        0.21851400
        0.32625200        0.08561300
        0.16569200        0.01506200
        0.07540000        0.00093100
a 51
$ Z=51
$ S-TYPE FUNCTIONS
    16   1  0
    33072.90000000       -0.00000500
     5025.34000000       -0.00003600
     1152.36000000       -0.00016500
      324.19600000       -0.00051600
       85.86070000       -0.00111700
       27.67600000        0.02597500
       17.28900000       -0.14009800
       10.48660000        0.16236900
        5.92977000        0.24851200
        3.70290000       -0.12102400
        1.85298000       -0.41927200
        0.98039900       -0.39706600
        0.43874900        0.08409200
        0.24551300        0.54906300
        0.12071100        0.52249300
        0.05745200        0.12075500
$ P-TYPE FUNCTIONS
    13   1  0
      457.98400000       -0.00002600
      101.91800000       -0.00015000
       30.56790000        0.00173100
       19.10020000       -0.01744700
        9.72557000        0.07389800
        6.07637000        0.00388400
        3.03306000       -0.13562800
        1.62581000       -0.19425000
        0.85007600       -0.09433600
        0.40083100        0.19928100
        0.19506100        0.46411400
        0.09236800        0.40460100
        0.04245600        0.10686400
$ D-TYPE FUNCTIONS
    13   1  0
      681.41000000        0.00001200
      208.47900000        0.00011500
       81.44870000        0.00062800
       33.63600000        0.00308900
       12.96710000       -0.01553900
        7.06055000        0.02952000
        4.00310000        0.19042300
        2.27913000        0.32544200
        1.27385000        0.33087100
        0.69973100        0.21358900
        0.37375900        0.07924600
        0.19038600        0.01317900
        0.08920000        0.00086200
a 52
$ Z=52
$ S-TYPE FUNCTIONS
    16   1  0
    40797.20000000       -0.00000800
     6127.09000000       -0.00006000
     1389.15000000       -0.00028600
      387.46300000       -0.00093000
      113.35500000       -0.00166700
       28.32460000        0.02482700
       17.70030000       -0.15519800
       11.06100000        0.18843200
        6.20785000        0.25684900
        3.87848000       -0.12757800
        1.98818000       -0.44909500
        1.07356000       -0.42806900
        0.50932200        0.10193300
        0.28012500        0.57719800
        0.13910100        0.51471300
        0.06615100        0.11220700
$ P-TYPE FUNCTIONS
    13   1  0
      516.07600000       -0.00003200
      118.02900000       -0.00018700
       30.87540000        0.00132000
       19.29770000       -0.02012900
       10.48240000        0.07877500
        6.30110000        0.00967200
        3.32790000       -0.14218200
        1.79793000       -0.21878700
        0.95012900       -0.10096700
        0.45557800        0.22963300
        0.22087300        0.47028700
        0.10360800        0.38696500
        0.04711600        0.10186900
$ D-TYPE FUNCTIONS
    13   1  0
      688.22100000        0.00001600
      207.07800000        0.00015700
       80.66780000        0.00083800
       34.02240000        0.00376000
       13.00330000       -0.01754100
        8.11979000        0.02933800
        4.42984000        0.18587500
        2.53507000        0.32813400
        1.42827000        0.33503100
        0.79314800        0.21059700
        0.43131300        0.07458000
        0.22926400        0.01311500
        0.10600000        0.00117100
a 53
$ Z=53
$ S-TYPE FUNCTIONS
    16   1  0
    42976.60000000       -0.00000600
     6439.01000000       -0.00004700
     1455.78000000       -0.00022300
      405.36100000       -0.00071200
      116.98000000       -0.00123400
       29.63260000        0.02412100
       18.51000000       -0.15564200
       11.56200000        0.18853900
        6.59507000        0.27422700
        4.05340000       -0.12470800
        2.14090000       -0.47319000
        1.18164000       -0.46311600
        0.60037200        0.09972400
        0.31996500        0.60501600
        0.15876900        0.51766800
        0.07545100        0.10766900
$ P-TYPE FUNCTIONS
    13   1  0
      569.64300000        0.00011500
      131.49600000        0.00071700
       32.38430000       -0.00202700
       20.22540000        0.05343600
       11.23810000       -0.19226400
        6.62794000       -0.09521500
        3.64780000        0.36580800
        1.98853000        0.53643100
        1.06367000        0.26500800
        0.52430300        0.03603900
        0.25538200        0.00134200
        0.11975500        0.00105200
        0.05419900        0.00006100
$ D-TYPE FUNCTIONS
    13   1  0
      578.80800000        0.00002600
      175.85300000        0.00023400
       68.82920000        0.00117700
       28.73540000        0.00546200
       12.31660000       -0.02753000
        7.61143000        0.02097600
        4.70452000        0.17684200
        2.79465000        0.31947900
        1.61644000        0.33873100
        0.91421100        0.21796600
        0.50473000        0.07810400
        0.27628000        0.01425000
        0.13920000        0.00180300
a 54
$ Z=54
$ S-TYPE FUNCTIONS
    16   1  0
    48321.70000000        0.00002100
     7247.53000000        0.00016100
     1647.82000000        0.00077700
      463.28000000        0.00245100
      141.25200000        0.00432700
       30.33640000       -0.05209600
       18.95170000        0.36237000
       11.83900000       -0.45113100
        6.60226000       -0.60550000
        4.08611000        0.32247000
        2.16989000        0.79595900
        1.20810000        0.39253000
        0.62655200        0.04040600
        0.32995700        0.00028100
        0.16650100        0.00071100
        0.08051300        0.00002600
$ P-TYPE FUNCTIONS
    13   1  0
      606.03800000       -0.00005100
      139.79500000       -0.00036000
       19.39910000       -0.02763700
       12.12720000        0.08866700
        7.57805000        0.01622100
        3.86983000       -0.14787200
        2.20928000       -0.23896000
        1.25188000       -0.13875900
        0.68151400        0.15020500
        0.37301000        0.37629000
        0.19837600        0.40262000
        0.10282300        0.23401700
        0.05094900        0.04485100
$ D-TYPE FUNCTIONS
    13   1  0
      659.61300000        0.00002900
      200.72800000        0.00026700
       78.74260000        0.00138400
       33.34550000        0.00586500
       12.69870000       -0.02298600
        7.83550000        0.05337600
        4.66949000        0.21588600
        2.78695000        0.32509000
        1.65164000        0.30815000
        0.96370900        0.18525800
        0.55218600        0.06484900
        0.31253000        0.01355400
        0.14460000        0.00150900
a 72
$ Z=72
$ S-TYPE FUNCTIONS
    15   1  0
      127.74800000        0.00005000
       79.47160000       -0.00040200
       45.44550000        0.00345600
       28.38150000       -0.02195600
       17.72680000        0.09675600
       11.07090000       -0.22276200
        6.89459000        0.15115000
        3.54864000        0.18024000
        1.96697000        0.00815500
        1.18967000       -0.16815200
        0.72251800       -0.26139300
        0.41644500       -0.28412000
        0.23080500       -0.00398000
        0.10379900        0.46909600
        0.04971700        0.58118200
$ P-TYPE FUNCTIONS
    12   1  0
       41.44670000       -0.00060800
       25.88550000        0.00721000
       16.16910000       -0.05053900
       10.10160000        0.18247600
        6.31071000       -0.20218800
        3.83653000       -0.16679200
        1.39932000        0.30205400
        0.76760800        0.46758600
        0.41155800        0.32235300
        0.21111800        0.09020900
        0.09816700        0.00824200
        0.04538200        0.00100900
$ D-TYPE FUNCTIONS
    10   1  0
       35.53940000        0.00004300
       15.23050000       -0.00065000
        7.77467000        0.01239100
        4.37365000       -0.05631700
        1.41617000        0.09289000
        0.83791000        0.17994000
        0.46567500        0.27837800
        0.23977000        0.31772300
        0.11772000        0.26182200
        0.05578300        0.12628300
a 73
$ Z=73
$ S-TYPE FUNCTIONS
    15   1  0
      127.88600000        0.00004300
       79.62190000       -0.00040600
       47.35600000        0.00309900
       28.98490000       -0.02092900
       18.10090000        0.09703200
       11.30490000       -0.23152700
        7.06103000        0.15986300
        3.72195000        0.18965000
        1.96762000        0.01138600
        1.22073000       -0.21251200
        0.70946400       -0.30654400
        0.40766700       -0.24091800
        0.23085300        0.03886000
        0.11244700        0.46285800
        0.05409900        0.57523700
$ P-TYPE FUNCTIONS
    12   1  0
       43.08640000       -0.00044900
       26.21620000        0.00630500
       16.37470000       -0.04819700
       10.22870000        0.18588600
        6.38856000       -0.22305000
        3.88200000       -0.16211400
        1.54022000        0.27841900
        0.86354400        0.46727900
        0.46847600        0.33853100
        0.24335100        0.10348800
        0.11266700        0.01060600
        0.05146700        0.00086300
$ D-TYPE FUNCTIONS
    10   1  0
       35.55530000        0.00006500
       15.25410000       -0.00100700
        8.05070000        0.01539400
        4.48582000       -0.06871400
        1.46990000        0.12309100
        0.83494000        0.22637800
        0.46399400        0.29267300
        0.24891800        0.29215000
        0.12891600        0.21621800
        0.06442500        0.09688600
a 74
$ Z=74
$ S-TYPE FUNCTIONS
    15   1  0
      128.02100000        0.00002100
       79.76900000       -0.00030400
       48.56220000        0.00270700
       30.19890000       -0.01896100
       18.85170000        0.09159900
       11.76140000       -0.22497300
        7.32982000        0.15466100
        3.87670000        0.20555600
        1.94927000       -0.00399800
        1.21444000       -0.25746600
        0.70639000       -0.30840400
        0.40943300       -0.21504500
        0.23042400        0.09781600
        0.11207400        0.49345300
        0.05459300        0.53098300
$ P-TYPE FUNCTIONS
    12   1  0
       44.82410000       -0.00056300
       27.99570000        0.00690700
       17.48920000       -0.05016800
       10.92610000        0.18771000
        6.82519000       -0.21629300
        4.18153000       -0.16959200
        1.56353000        0.31713700
        0.86896600        0.47882100
        0.46688200        0.31198300
        0.23762000        0.08051900
        0.11245000        0.00675400
        0.05206700        0.00097200
$ D-TYPE FUNCTIONS
    10   1  0
       35.67820000        0.00008100
       15.42330000       -0.00234300
        9.24385000        0.02003300
        5.03715000       -0.07767500
        1.54681000        0.14910400
        0.84220000        0.27001300
        0.45838800        0.30941200
        0.24754200        0.27051300
        0.13054400        0.17687700
        0.06622900        0.06623200
a 75
$ Z=75
$ S-TYPE FUNCTIONS
    14   1  0
       83.12870000       -0.00016300
       51.67140000        0.00184400
       32.24700000       -0.01446500
       20.13060000        0.07460100
       12.57470000       -0.18080000
        7.38452000        0.10993300
        4.17286000        0.22505300
        2.60711000        0.00496400
        1.28764000       -0.29133400
        0.71766200       -0.33846600
        0.40056700       -0.18059400
        0.23232900        0.14029100
        0.11275600        0.50179900
        0.05517800        0.50309900
$ P-TYPE FUNCTIONS
    12   1  0
       47.95330000       -0.00027600
       29.94570000        0.00404900
       18.70240000       -0.03338900
       11.68180000        0.13493900
        7.29636000       -0.14011100
        4.53173000       -0.20246500
        1.60002000        0.34854800
        0.88592100        0.48025700
        0.47303700        0.29200200
        0.23584800        0.06742600
        0.11118100        0.00456900
        0.05156300        0.00100300
$ D-TYPE FUNCTIONS
    10   1  0
       35.73090000        0.00009900
       16.05150000       -0.00150200
        9.96591000        0.01221000
        5.02817000       -0.06713900
        1.74276000        0.12167600
        1.04520000        0.21580100
        0.60778400        0.28947000
        0.32940000        0.29460000
        0.16798700        0.21753700
        0.08165300        0.10228500
a 76
$ Z=76
$ S-TYPE FUNCTIONS
    15   1  0
      227.21600000       -0.00000100
       88.91800000       -0.00015300
       55.39800000        0.00161200
       34.50470000       -0.01239800
       21.54980000        0.06317600
       13.34290000       -0.15206400
        7.29398000        0.08294600
        4.47079000        0.23149500
        2.50344000        0.03349300
        1.50413000       -0.25230200
        0.88084900       -0.32372700
        0.51127800       -0.23632700
        0.27853700        0.07293000
        0.13171600        0.47725800
        0.06262900        0.54156200
$ P-TYPE FUNCTIONS
    12   1  0
       50.58740000       -0.00017800
       31.59060000        0.00318500
       19.73050000       -0.02841800
       12.32480000        0.11915400
        7.69824000       -0.11701700
        4.76322000       -0.21758900
        1.68022000        0.36090100
        0.93318600        0.48266200
        0.49890400        0.28396700
        0.24844900        0.06324600
        0.11562300        0.00426700
        0.05292600        0.00084600
$ D-TYPE FUNCTIONS
    10   1  0
       34.72510000        0.00017700
       18.49210000       -0.00146000
       11.54700000        0.00908100
        5.30238000       -0.06261400
        1.80766000        0.14227200
        1.05082000        0.24947200
        0.59921500        0.29739200
        0.32693500        0.27441100
        0.16999300        0.19053000
        0.08457400        0.08501100
a 77
$ Z=77
$ S-TYPE FUNCTIONS
    15   1  0
      361.16800000       -0.00000400
       95.86740000       -0.00042200
       59.85270000        0.00403000
       36.82520000       -0.03072600
       23.01330000        0.14934400
       13.68100000       -0.38856500
        7.24561000        0.22023000
        4.52816000        0.65789400
        2.49878000        0.02790800
        1.55309000       -0.54496800
        0.94230200       -0.56785700
        0.54608800       -0.27819400
        0.27079300       -0.03458700
        0.13475300       -0.00068400
        0.06455300       -0.00170700
$ P-TYPE FUNCTIONS
    12   1  0
       53.14890000       -0.00003000
       33.18070000       -0.00103900
       20.72030000        0.01370400
       12.94110000       -0.06531100
        8.08251000        0.06774300
        4.97027000        0.14160700
        1.77710000       -0.29193400
        0.99501000       -0.45270000
        0.53654600       -0.03648100
        0.27106700        0.62283300
        0.12725200        0.49181000
        0.05860700        0.07117600
$ D-TYPE FUNCTIONS
    10   1  0
       43.81300000        0.00011900
       19.89910000       -0.00112700
       12.42620000        0.00817100
        5.64027000       -0.06165200
        1.87945000        0.16188000
        1.06925000        0.27563300
        0.59955400        0.30421900
        0.32590800        0.25909400
        0.17070200        0.16728600
        0.08618400        0.06886500
a 78
$ Z=78
$ S-TYPE FUNCTIONS
    15   1  0
      413.60000000       -0.00000600
      103.53500000       -0.00041600
       64.12430000        0.00387200
       39.86150000       -0.02640200
       24.79870000        0.11935600
       13.93020000       -0.35752400
        7.80138000        0.16449500
        4.86991000        0.69677700
        2.74281000        0.07772300
        1.71192000       -0.53751500
        1.01580000       -0.61690600
        0.57257300       -0.27614700
        0.28786400       -0.03150700
        0.14159200       -0.00187300
        0.06751000       -0.00159700
$ P-TYPE FUNCTIONS
    12   1  0
      393.37800000        0.00000500
       34.40030000        0.00195300
       21.48430000       -0.02257000
       13.41940000        0.10433400
        8.38049000       -0.10021800
        5.18994000       -0.23224000
        1.85863000        0.38327300
        1.03153000        0.48884200
        0.54920500        0.27017000
        0.27005700        0.05495600
        0.12417000        0.00323100
        0.05626500        0.00071400
$ D-TYPE FUNCTIONS
    10   1  0
       58.19680000        0.00008600
       20.25540000       -0.00066700
       12.60790000        0.00761600
        5.87904000       -0.06131100
        1.98186000        0.17256700
        1.12322000        0.28797700
        0.62960900        0.30353600
        0.34552300        0.24803000
        0.18371100        0.15670800
        0.09398500        0.06385300
a 79
$ Z=79
$ S-TYPE FUNCTIONS
    16   1  0
     2324.04000000       -0.00000300
      917.02000000       -0.00000700
       99.30910000       -0.00073400
       61.75760000        0.00587800
       38.37220000       -0.03858500
       23.96290000        0.18651800
       14.85180000       -0.44614700
        7.97480000        0.27672300
        4.79790000        0.66898500
        1.76245000       -0.51334100
        1.09273000       -0.59290100
        0.63055800       -0.29225400
        0.32205000       -0.03680200
        0.15002800       -0.00182700
        0.07075900       -0.00173900
        0.03338700       -0.00034700
$ P-TYPE FUNCTIONS
    13   1  0
      328.78100000       -0.00000300
       34.46340000       -0.00060500
       21.52450000        0.00704500
       13.44620000       -0.03516800
        8.39937000        0.04403500
        5.21059000        0.06159800
        2.03970000       -0.12144900
        1.16903000       -0.17792900
        0.63622000       -0.12002700
        0.32211900        0.11805300
        0.14437200        0.41789100
        0.06375900        0.47784200
        0.02772200        0.16714400
$ D-TYPE FUNCTIONS
    11   1  0
       62.03090000        0.00008600
       21.09880000       -0.00079600
       13.12000000        0.00913600
        6.31257000       -0.06630100
        2.14145000        0.16556300
        1.29937000        0.24144100
        0.81035800        0.27102200
        0.47270700        0.26801300
        0.25564800        0.18687500
        0.13089500        0.08131400
        0.06277900        0.01341900
a 80
$ Z=80
$ S-TYPE FUNCTIONS
    16   1  0
    24256.20000000       -0.00000100
     3773.48000000       -0.00000700
      899.98700000       -0.00002900
      252.09400000       -0.00009700
       34.35790000       -0.00499500
       21.37570000        0.04915000
       13.30110000       -0.18273000
        8.24311000        0.15655600
        4.90651000        0.24146200
        1.96323000       -0.22997700
        1.20396000       -0.34569900
        0.67079100       -0.24957100
        0.33046600        0.11618000
        0.15682600        0.48717200
        0.07363000        0.50693900
        0.03449400        0.13690900
$ P-TYPE FUNCTIONS
    13   1  0
      288.30900000       -0.00000600
       36.99240000       -0.00047300
       22.79900000        0.00471000
       13.00840000       -0.03459100
        8.12597000        0.05777300
        5.07780000        0.04995300
        2.17217000       -0.12292200
        1.20373000       -0.18410600
        0.63270000       -0.09986900
        0.30467800        0.14488200
        0.13789500        0.42290100
        0.06130200        0.45789300
        0.02690500        0.15365600
a 81
$ Z=81
$ S-TYPE FUNCTIONS
    16   1  0
    24779.20000000       -0.00000100
     4291.59000000       -0.00000600
     1100.56000000       -0.00002400
      301.31500000       -0.00010000
       33.66110000       -0.00747400
       21.03980000        0.07324700
       13.15180000       -0.27255400
        8.22049000        0.27513100
        4.89601000        0.23034600
        2.01880000       -0.30441200
        1.16474000       -0.42768900
        0.64024800       -0.21275200
        0.32926600        0.21503100
        0.16850900        0.54373100
        0.08366700        0.44538300
        0.03973100        0.09321200
$ P-TYPE FUNCTIONS
    13   1  0
      238.81600000       -0.00001600
       33.71890000       -0.00064100
       21.07380000        0.00621200
       13.17140000       -0.03060000
        6.92984000        0.08561700
        4.33112000        0.00649700
        2.14904000       -0.12952000
        1.15607000       -0.16544700
        0.59551900       -0.05998300
        0.26892300        0.16756200
        0.12174400        0.41266600
        0.05413700        0.44227600
        0.02385100        0.14859500
a 82
$ Z=82
$ S-TYPE FUNCTIONS
    16   1  0
    24689.50000000       -0.00000200
     4473.23000000       -0.00001100
     1061.66000000       -0.00004700
      279.23900000       -0.00017900
       34.75420000       -0.00846600
       21.70970000        0.08040500
       13.56370000       -0.30081600
        8.47347000        0.31101800
        5.11956000        0.24133400
        2.11996000       -0.32763600
        1.25529000       -0.45191200
        0.72028400       -0.24383900
        0.37780200        0.22360700
        0.19769900        0.57627600
        0.09862300        0.44388900
        0.04703700        0.08422300
$ P-TYPE FUNCTIONS
    13   1  0
      240.58900000       -0.00002400
       39.77680000       -0.00037500
       20.42790000        0.00701400
       12.74050000       -0.04580000
        7.55190000        0.10317700
        4.72003000        0.02136400
        2.37152000       -0.14102200
        1.29824000       -0.20198800
        0.68107000       -0.08677900
        0.31765000        0.18651800
        0.15139800        0.44551200
        0.07031000        0.42116200
        0.03184500        0.12258600
a 83
$ Z=83
$ S-TYPE FUNCTIONS
    16   1  0
    26111.40000000       -0.00000300
     3868.09000000       -0.00002600
      869.49900000       -0.00011500
      238.74100000       -0.00034200
       36.67450000       -0.00838400
       22.91290000        0.07666900
       14.31850000       -0.28803900
        8.94848000        0.28562400
        5.26068000        0.31835200
        3.12089000       -0.14879600
        1.70556000       -0.55005300
        0.92842400       -0.40945700
        0.43370700        0.17588300
        0.23868300        0.58406700
        0.12026300        0.47505500
        0.05775500        0.09697900
$ P-TYPE FUNCTIONS
    13   1  0
      267.34600000       -0.00003100
       50.08620000       -0.00026200
       20.55620000        0.00726400
       12.84410000       -0.05642000
        8.02728000        0.11869000
        5.01734000        0.02740200
        2.50568000       -0.15972000
        1.38205000       -0.23153900
        0.73396300       -0.09317100
        0.34949400        0.22860000
        0.17121900        0.47479600
        0.08216600        0.38401700
        0.03838200        0.09406900
a 84
$ Z=84
$ S-TYPE FUNCTIONS
    16   1  0
    24093.40000000       -0.00000700
     3632.17000000       -0.00005500
      822.30800000       -0.00024300
      227.47200000       -0.00066800
       38.38680000       -0.00961300
       23.93960000        0.07868000
       14.79260000       -0.30091700
        9.23931000        0.30218800
        5.57594000        0.32631600
        3.25412000       -0.13386200
        1.83471000       -0.58367600
        1.01063000       -0.44759000
        0.47021100        0.21268200
        0.26062100        0.61412400
        0.13213900        0.45191300
        0.06318200        0.08089400
$ P-TYPE FUNCTIONS
    13   1  0
      300.32700000       -0.00003900
       59.93840000       -0.00025100
       21.08110000        0.00709400
       13.16880000       -0.06035800
        8.22409000        0.13445400
        5.13690000        0.02283400
        2.60292000       -0.17908200
        1.44653000       -0.25759000
        0.77834300       -0.08202000
        0.37855400        0.27566700
        0.18504000        0.47901400
        0.08849200        0.35425400
        0.04127400        0.08306900
$ D-TYPE FUNCTIONS
    12   1  0
      174.44400000        0.00007900
       52.22330000        0.00058000
       14.59700000        0.01003900
        7.05937000       -0.08009500
        4.35707000        0.01996200
        2.71844000        0.21674200
        1.65011000        0.33542800
        0.98585200        0.31985300
        0.57253600        0.19900500
        0.32363100        0.07113600
        0.18522200        0.01439000
        0.09150000        0.00172900
a 85
$ Z=85
$ S-TYPE FUNCTIONS
    16   1  0
    26533.40000000       -0.00000500
     3957.86000000       -0.00003900
      892.46000000       -0.00017000
      245.33900000       -0.00046600
       39.26940000       -0.00822200
       24.48200000        0.07844000
       15.29140000       -0.31224900
        9.54511000        0.32448100
        5.75152000        0.34731000
        3.51589000       -0.14480500
        1.93801000       -0.63005200
        1.07512000       -0.46724600
        0.51258200        0.25790700
        0.27999000        0.64252000
        0.14242000        0.42363700
        0.06829500        0.06659400
$ P-TYPE FUNCTIONS
    13   1  0
      328.97500000        0.00011800
       69.37280000        0.00080300
       21.67990000       -0.02033200
       13.54510000        0.16817600
        8.46372000       -0.35217000
        5.28763000       -0.10469900
        2.72722000        0.44284800
        1.53663000        0.54075200
        0.84233300        0.22759200
        0.42204300        0.02855300
        0.20905700        0.00153800
        0.10061500        0.00088400
        0.04692000        0.00006400
$ D-TYPE FUNCTIONS
    12   1  0
      180.13300000        0.00010100
       53.47820000        0.00075000
       15.47350000        0.01002300
        7.14900000       -0.08561000
        4.46047000        0.03771500
        2.75881000        0.23154300
        1.72211000        0.32221900
        1.07074000        0.30385500
        0.64031800        0.19520100
        0.36629100        0.07202800
        0.20513900        0.01399800
        0.10170000        0.00156700
a 86
$ Z=86
$ S-TYPE FUNCTIONS
    16   1  0
    30127.10000000       -0.00000900
     4530.14000000       -0.00007200
     1029.79000000       -0.00032200
      286.39100000       -0.00090800
       65.26930000       -0.00228300
       25.22870000        0.05390200
       15.75900000       -0.27713300
        9.84368000        0.30976500
        6.01084000        0.34684900
        3.18280000       -0.20811800
        1.92399000       -0.65362800
        1.09416000       -0.43197000
        0.53854000        0.34972200
        0.28649800        0.65917200
        0.14744300        0.36653100
        0.07203800        0.04994200
$ P-TYPE FUNCTIONS
    13   1  0
      355.96500000       -0.00006400
       77.62330000       -0.00033400
       22.20080000        0.00639400
       13.87320000       -0.06613100
        8.67063000        0.16248500
        5.41713000        0.01192800
        2.80005000       -0.21989700
        1.57807000       -0.29982600
        0.86895200       -0.05286400
        0.44479900        0.33134800
        0.22284200        0.48068000
        0.10883900        0.31792900
        0.05149100        0.06767500
$ D-TYPE FUNCTIONS
    12   1  0
      180.88800000        0.00013300
       53.82410000        0.00097200
       16.14710000        0.01064800
        7.40602000       -0.08533600
        4.62587000        0.04007600
        2.86804000        0.25594900
        1.71452000        0.37774300
        1.00402000        0.30270900
        0.59186400        0.13903000
        0.36630500        0.04430800
        0.22653600        0.01151700
        0.12220000        0.00187500
